<?xml version="1.0" encoding="UTF-8"?>
<!DOCTYPE hibernate-mapping
   PUBLIC "-//Hibernate/Hibernate Mapping DTD//EN"
   "http://www.hibernate.org/dtd/hibernate-mapping-3.0.dtd">
 
 <hibernate-mapping>
 <class  name="com.pack.Login" table="hiber">
 <id name="id" column="id" type="int">
 <generator class="native"></generator>
 </id>
 <property name="user" column="username" type="string"></property>
 <property name="pass" column="pwd" type="string"></property>
 </class>
 
 
 
 </hibernate-mapping>