<?xml version="1.0" encoding="UTF-8"?>
<!DOCTYPE hibernate-configuration PUBLIC
        "-//Hibernate/Hibernate Configuration DTD 3.0//EN"
        "http://www.hibernate.org/dtd/hibernate-configuration-3.0.dtd">
    
<hibernate-configuration>

<session-factory>
 <property name="connection.driver_class">com.mysql.cj.jdbc.Driver</property>
 <property name="connection.url">jdbc:mysql://localhost:3306/training</property>
 <property name="connection.username">root</property>
 <property name="connection.password">Pune@1234</property>
 <property name="connection.pool_size">10</property>
    
 <property name="dialect">org.hibernate.dialect.MySQLDialect</property>
 <property name="show_sql">true</property>

  
 <mapping resource="com/pack/Login.hbm.xml"/>


</session-factory>
</hibernate-configuration> 
    
